A_C21A	0.92	1.3476	-0.6699	0.1701	0.4131	1.4343	0
A_N22A	0.14	1.2573	-0.2645	-0.0424	0.1299	1.4343	0
A_D24A	0.34	1.2445	-7.2749	6.7741	0.311	1.4343	0
A_T25A	0.73	1.2124	-0.0766	-0.0846	-0.068	1.4343	0
A_S26A	0.17	1.2682	-0.7448	0.31	0.2688	1.4343	0
A_S27A	0.96	1.0165	0.3441	-0.5741	-0.1878	1.4343	0
A_E28A	1.41	1.6237	-8.3385	7.1583	1.3697	1.4343	0
A_E29A	0.31	1.4982	-5.8151	5.4195	0.4595	1.4343	0
A_E30A	0.22	1.1369	-5.0862	4.8303	-0.0415	1.4343	0
A_L31A	3.42	1.6981	0.1196	-0.4168	0.561	1.4343	0
A_V32A	2.58	1.6268	1.3267	-1.7393	0.6051	1.4343	0
A_K33A	0.19	0.9224	5.6179	-5.8851	-0.2447	1.4343	0
A_L34A	0.91	0.9728	-0.1285	-0.2361	-0.0968	1.4343	0
A_V35A	1.66	1.3909	0.5272	-0.7146	0.144	1.4343	0
A_T36A	0.9	1.4288	-0.1372	-0.1358	0.2676	1.4343	0
A_E39A	2.08	1.3952	-11.3435	10.6348	0.6697	1.4343	0
A_E40A	0.66	1.3857	-5.2638	5.0338	0.1814	1.4343	0
A_T42A	0.3	1.2292	-0.6667	0.1401	0.3214	1.4343	0
A_E43A	0.21	1.2703	-4.7769	4.597	0.0159	1.4343	0
A_H44A	0.83	0.9517	-1.0335	0.5807	-0.0298	1.4343	0
A_S46A	0.01	1.0903	1.0431	-1.324	-0.0631	1.4343	0
A_S48A	2.19	1.344	-0.8261	0.2338	0.502	1.4343	0
A_D49A	5.92	1.2814	-8.5634	7.7934	0.6171	1.4343	0
A_L50A	0.6	1.265	-0.0684	-0.2856	0.1847	1.4343	0
A_I51A	0.85	1.6083	0.0666	-0.4907	0.5981	1.4343	0
A_Y52A	4.83	2.7668	0.3162	-0.8114	1.8277	1.4343	0
A_Y53A	4.63	2.942	-0.157	-0.3013	1.9661	1.4343	0
A_D58A	0.51	1.1851	-5.7722	5.5521	-0.0291	1.4343	0
A_S61A	0.87	1.0221	0.2869	-0.3853	-0.3137	1.4343	0
A_V66A	1.86	1.1066	1.6811	-1.7324	-0.2763	1.4343	0
A_N67A	0.28	1.3359	-0.3005	-0.1705	0.3726	1.4343	0
